Product Title,Price,Rating,Reviews,Product URL
American Tourister 32 Ltrs Grey Casual Backpack (AMT FIZZ SCH BAG 02 - GREY),Rs. 899,4.1 out of 5 stars,"48,724","https://www.amazon.in/American-Tourister-AMT-SCH-02/dp/B07CJCGBVC/ref=sr_1_3?crid=2M096C61O4MLT&keywords=bags&qid=1668800803&qu=eyJxc2MiOiI4LjA0IiwicXNhIjoiOC4wNiIsInFzcCI6IjYuNzgifQ%3D%3D&sprefix=ba%2Caps%2C283&sr=8-3
"
Skybags Brat Black 46 Cms Casual Backpack,Rs. 669,4.1 out of 5 stars,"2,534","https://www.amazon.in/Skybags-Brat-Black-Casual-Backpack/dp/B08Z1HHHTD/ref=sr_1_5?crid=2M096C61O4MLT&keywords=bags&qid=1668800803&qu=eyJxc2MiOiI4LjA0IiwicXNhIjoiOC4wNiIsInFzcCI6IjYuNzgifQ%3D%3D&sprefix=ba%2Caps%2C283&sr=8-5
"
"Kuber Industries Women's Handcrafted Embroidered Clutch Bag|Purse/Handbag for Bridal| Casual, Party, Wedding|Size 27 x 27 (Beige, Cream)",Rs. 309,3.8 out of 5 stars,442,"https://www.amazon.in/Kuber-Industries-Handcrafted-Embroidered-Handbag/dp/B082VDVJGM/ref=sxin_15?asc_contentid=amzn1.osa.0538446c-4d65-4d18-896a-0a51a79ab27a.A21TJRUUN4KGV.en_IN&asc_contenttype=article&ascsubtag=amzn1.osa.0538446c-4d65-4d18-896a-0a51a79ab27a.A21TJRUUN4KGV.en_IN&content-id=amzn1.sym.939c6bd1-1a0e-48f0-a138-af961f88b523%3Aamzn1.sym.939c6bd1-1a0e-48f0-a138-af961f88b523&creativeASIN=B082VDVJGM&crid=2M096C61O4MLT&cv_ct_cx=bags&cv_ct_id=amzn1.osa.0538446c-4d65-4d18-896a-0a51a79ab27a.A21TJRUUN4KGV.en_IN&cv_ct_pg=search&cv_ct_we=asin&cv_ct_wn=osp-single-source-pecos-desktop&keywords=bags&linkCode=oas&pd_rd_i=B082VDVJGM&pd_rd_r=1f6af1c5-eb39-4c52-90a1-4da7323c1606&pd_rd_w=e43uT&pd_rd_wg=To9e4&pf_rd_p=939c6bd1-1a0e-48f0-a138-af961f88b523&pf_rd_r=1QS7G7DTRPPNT6NKEPHT&qid=1668800803&qu=eyJxc2MiOiI4LjA0IiwicXNhIjoiOC4wNiIsInFzcCI6IjYuNzgifQ%3D%3D&sprefix=ba%2Caps%2C283&sr=1-1-c84eb971-91f2-4a4d-acce-811265c24254&tag=idivaosp-21
"
Fiesto Fashion PU Leather Handbags With Sling Bag For Women Large Shoulder Tote Purse Top Handle Satchel (Combo Of 3),Rs. 620,3.9 out of 5 stars,"3,991","https://www.amazon.in/Fiesto-Fashion-Womens-Handbag-FIESTO33_Blue/dp/B082Z33ZDS/ref=sxin_15?asc_contentid=amzn1.osa.0538446c-4d65-4d18-896a-0a51a79ab27a.A21TJRUUN4KGV.en_IN&asc_contenttype=article&ascsubtag=amzn1.osa.0538446c-4d65-4d18-896a-0a51a79ab27a.A21TJRUUN4KGV.en_IN&content-id=amzn1.sym.939c6bd1-1a0e-48f0-a138-af961f88b523%3Aamzn1.sym.939c6bd1-1a0e-48f0-a138-af961f88b523&creativeASIN=B082Z33ZDS&crid=2M096C61O4MLT&cv_ct_cx=bags&cv_ct_id=amzn1.osa.0538446c-4d65-4d18-896a-0a51a79ab27a.A21TJRUUN4KGV.en_IN&cv_ct_pg=search&cv_ct_we=asin&cv_ct_wn=osp-single-source-pecos-desktop&keywords=bags&linkCode=oas&pd_rd_i=B082Z33ZDS&pd_rd_r=1f6af1c5-eb39-4c52-90a1-4da7323c1606&pd_rd_w=e43uT&pd_rd_wg=To9e4&pf_rd_p=939c6bd1-1a0e-48f0-a138-af961f88b523&pf_rd_r=1QS7G7DTRPPNT6NKEPHT&qid=1668800803&qu=eyJxc2MiOiI4LjA0IiwicXNhIjoiOC4wNiIsInFzcCI6IjYuNzgifQ%3D%3D&sprefix=ba%2Caps%2C283&sr=1-2-c84eb971-91f2-4a4d-acce-811265c24254&tag=idivaosp-21
"
ADISA women girls embroided sling bag,Rs. 549,4.3 out of 5 stars,"1,337","https://www.amazon.in/ADISA-women-girls-black-embroided/dp/B08RWBP3H2/ref=sxin_15?asc_contentid=amzn1.osa.0538446c-4d65-4d18-896a-0a51a79ab27a.A21TJRUUN4KGV.en_IN&asc_contenttype=article&ascsubtag=amzn1.osa.0538446c-4d65-4d18-896a-0a51a79ab27a.A21TJRUUN4KGV.en_IN&content-id=amzn1.sym.939c6bd1-1a0e-48f0-a138-af961f88b523%3Aamzn1.sym.939c6bd1-1a0e-48f0-a138-af961f88b523&creativeASIN=B08RWBP3H2&crid=2M096C61O4MLT&cv_ct_cx=bags&cv_ct_id=amzn1.osa.0538446c-4d65-4d18-896a-0a51a79ab27a.A21TJRUUN4KGV.en_IN&cv_ct_pg=search&cv_ct_we=asin&cv_ct_wn=osp-single-source-pecos-desktop&keywords=bags&linkCode=oas&pd_rd_i=B08RWBP3H2&pd_rd_r=1f6af1c5-eb39-4c52-90a1-4da7323c1606&pd_rd_w=e43uT&pd_rd_wg=To9e4&pf_rd_p=939c6bd1-1a0e-48f0-a138-af961f88b523&pf_rd_r=1QS7G7DTRPPNT6NKEPHT&qid=1668800803&qu=eyJxc2MiOiI4LjA0IiwicXNhIjoiOC4wNiIsInFzcCI6IjYuNzgifQ%3D%3D&sprefix=ba%2Caps%2C283&sr=1-3-c84eb971-91f2-4a4d-acce-811265c24254&tag=idivaosp-21
"
Lapis O Lupo Women Vegan Leather Handbags Flower Embroidered Bags Fashion Satchel Bags Top Handle,"Rs. 1,099",4.2 out of 5 stars,"3,553","https://www.amazon.in/Lapis-Lupo-Flower-Embroidery-Handbag/dp/B07RXYSJHF/ref=sxin_15?asc_contentid=amzn1.osa.0538446c-4d65-4d18-896a-0a51a79ab27a.A21TJRUUN4KGV.en_IN&asc_contenttype=article&ascsubtag=amzn1.osa.0538446c-4d65-4d18-896a-0a51a79ab27a.A21TJRUUN4KGV.en_IN&content-id=amzn1.sym.939c6bd1-1a0e-48f0-a138-af961f88b523%3Aamzn1.sym.939c6bd1-1a0e-48f0-a138-af961f88b523&creativeASIN=B07RXYSJHF&crid=2M096C61O4MLT&cv_ct_cx=bags&cv_ct_id=amzn1.osa.0538446c-4d65-4d18-896a-0a51a79ab27a.A21TJRUUN4KGV.en_IN&cv_ct_pg=search&cv_ct_we=asin&cv_ct_wn=osp-single-source-pecos-desktop&keywords=bags&linkCode=oas&pd_rd_i=B07RXYSJHF&pd_rd_r=1f6af1c5-eb39-4c52-90a1-4da7323c1606&pd_rd_w=e43uT&pd_rd_wg=To9e4&pf_rd_p=939c6bd1-1a0e-48f0-a138-af961f88b523&pf_rd_r=1QS7G7DTRPPNT6NKEPHT&qid=1668800803&qu=eyJxc2MiOiI4LjA0IiwicXNhIjoiOC4wNiIsInFzcCI6IjYuNzgifQ%3D%3D&sprefix=ba%2Caps%2C283&sr=1-4-c84eb971-91f2-4a4d-acce-811265c24254&tag=idivaosp-21
"
Aristocrat Unisex Black Oxford Fabric 28.82L Laptop Bags,Rs. 869,3.3 out of 5 stars,11,"https://www.amazon.in/Aristocrat-Unisex-Oxford-Fabric-28-82L/dp/B09ZV86P4S/ref=sr_1_6?crid=2M096C61O4MLT&keywords=bags&qid=1668800803&qu=eyJxc2MiOiI4LjA0IiwicXNhIjoiOC4wNiIsInFzcCI6IjYuNzgifQ%3D%3D&sprefix=ba%2Caps%2C283&sr=8-6
"
ZIPLINE Unisex Casual Polyester 36 L Backpack School Bag Women Men Boys Girls Children Daypack College Bag Book School Sports Bag,Rs. 734,3.7 out of 5 stars,601,"https://www.amazon.in/Zipline-Nexa-Resistant-Bagpack-Backpack/dp/B08WQ668WJ/ref=sr_1_7?crid=2M096C61O4MLT&keywords=bags&qid=1668800803&qu=eyJxc2MiOiI4LjA0IiwicXNhIjoiOC4wNiIsInFzcCI6IjYuNzgifQ%3D%3D&sprefix=ba%2Caps%2C283&sr=8-7
"
Wesley Milestone 2.0 Casual Waterproof Laptop Backpack/Office Bag/School Bag/College Bag/Business Bag/Travel Backpack (Dimensions:13x18 inches) (Compatible with 15.6 inch Laptop) (Blue & Black),Rs. 565,4.3 out of 5 stars,"8,226","https://www.amazon.in/Wesley-Milestone-Waterproof-Backpack-Business/dp/B084JGJ8PF/ref=sr_1_8?crid=2M096C61O4MLT&keywords=bags&qid=1668800803&qu=eyJxc2MiOiI4LjA0IiwicXNhIjoiOC4wNiIsInFzcCI6IjYuNzgifQ%3D%3D&sprefix=ba%2Caps%2C283&sr=8-8
"
"Fur Jaden Anti Theft Number Lock Backpack Bag with 15.6 Inch Laptop Compartment, USB Charging Port & Organizer Pocket for Men Women Boys Girls",Rs. 749,4.0 out of 5 stars,"1,767","https://www.amazon.in/Number-Backpack-Compartment-Charging-Organizer/dp/B09VTCNN75/ref=sr_1_9?crid=2M096C61O4MLT&keywords=bags&qid=1668800803&qu=eyJxc2MiOiI4LjA0IiwicXNhIjoiOC4wNiIsInFzcCI6IjYuNzgifQ%3D%3D&sprefix=ba%2Caps%2C283&sr=8-9
"
Half Moon 35 L Casual Waterproof Laptop Bag/Backpack for Men Women Boys Girls/Office School College Teens & Students with Rain Cover (18 Inch) (Navy),Rs. 699,3.9 out of 5 stars,"13,840","https://www.amazon.in/Half-Moon-Waterproof-Backpack-Students/dp/B085MHDJ93/ref=sr_1_10?crid=2M096C61O4MLT&keywords=bags&qid=1668800803&qu=eyJxc2MiOiI4LjA0IiwicXNhIjoiOC4wNiIsInFzcCI6IjYuNzgifQ%3D%3D&sprefix=ba%2Caps%2C283&sr=8-10
"
"NORTH ZONE Men's and Women's Lightweight Casual Laptop Bag (30 L, Navy Blue)",Rs. 599,4.0 out of 5 stars,200,"https://www.amazon.in/sspa/click?ie=UTF8&spc=MTo0MTA0NjExODc0NzY2OTczOjE2Njg4MDA4MDM6c3BfbXRmOjIwMDc0NzY4NzE0ODk4OjowOjo&url=%2FNORTH-ZONE-Womens-Lightweight-Casual%2Fdp%2FB0BCYX6DW2%2Fref%3Dsr_1_11_sspa%3Fcrid%3D2M096C61O4MLT%26keywords%3Dbags%26qid%3D1668800803%26qu%3DeyJxc2MiOiI4LjA0IiwicXNhIjoiOC4wNiIsInFzcCI6IjYuNzgifQ%253D%253D%26sprefix%3Dba%252Caps%252C283%26sr%3D8-11-spons%26sp_csd%3Dd2lkZ2V0TmFtZT1zcF9tdGY%26psc%3D1
"
F Gear Raider 30 Liter Backpack with Rain Cover (.Marpat Navy Digital Camo),Rs. 831,4.2 out of 5 stars,"2,820","https://www.amazon.in/F-Gear-Raider-Marpat-Navy-Backpack/dp/B07F1157TV/ref=sr_1_13?crid=2M096C61O4MLT&keywords=bags&qid=1668800803&qu=eyJxc2MiOiI4LjA0IiwicXNhIjoiOC4wNiIsInFzcCI6IjYuNzgifQ%3D%3D&sprefix=ba%2Caps%2C283&sr=8-13
"
"MosQuick® Clear large Drawstring Bags Clear Plastic Travel Bags, Travel Garments Organizing Storage Plastic Bags ,Shoe bags , Stationery Bag,multipurpose bag - Translucent",Rs. 399,4.3 out of 5 stars,36,"https://www.amazon.in/MosQuick%C2%AE-Drawstring-Organizing-Stationery-multipurpose/dp/B09SB5DP5Y/ref=sxin_24_trfob_0_B09SB5DP5Y?content-id=amzn1.sym.4ac7c850-d10c-4dc2-a504-0101aadd5857%3Aamzn1.sym.4ac7c850-d10c-4dc2-a504-0101aadd5857&crid=2M096C61O4MLT&cv_ct_cx=bags&keywords=bags&pd_rd_i=B09SB5DP5Y&pd_rd_r=1f6af1c5-eb39-4c52-90a1-4da7323c1606&pd_rd_w=B0Wfr&pd_rd_wg=To9e4&pf_rd_p=4ac7c850-d10c-4dc2-a504-0101aadd5857&pf_rd_r=1QS7G7DTRPPNT6NKEPHT&qid=1668800803&qu=eyJxc2MiOiI4LjA0IiwicXNhIjoiOC4wNiIsInFzcCI6IjYuNzgifQ%3D%3D&sprefix=ba%2Caps%2C283&sr=1-1-cc7a04fe-cc55-42ad-b883-1b910070c86a
"
Amazon Brand - Symbol Autumn-Winter'20 womens Handbag (Navy),Rs. 449,4.3 out of 5 stars,182,"https://www.amazon.in/Amazon-Brand-Symbol-Autumn-Winter20-Handbag/dp/B08HTR6LSK/ref=sxin_24_trfob_1_B08HTR6LSK?content-id=amzn1.sym.4ac7c850-d10c-4dc2-a504-0101aadd5857%3Aamzn1.sym.4ac7c850-d10c-4dc2-a504-0101aadd5857&crid=2M096C61O4MLT&cv_ct_cx=bags&keywords=bags&pd_rd_i=B08HTR6LSK&pd_rd_r=1f6af1c5-eb39-4c52-90a1-4da7323c1606&pd_rd_w=B0Wfr&pd_rd_wg=To9e4&pf_rd_p=4ac7c850-d10c-4dc2-a504-0101aadd5857&pf_rd_r=1QS7G7DTRPPNT6NKEPHT&qid=1668800803&qu=eyJxc2MiOiI4LjA0IiwicXNhIjoiOC4wNiIsInFzcCI6IjYuNzgifQ%3D%3D&sprefix=ba%2Caps%2C283&sr=1-2-cc7a04fe-cc55-42ad-b883-1b910070c86a
"
Amazon Basics - Casual 21L  Laptop Backpack,Rs. 749,4.3 out of 5 stars,27,"https://www.amazon.in/Amazon-Basics-Casual-Laptop-Backpack/dp/B09W4X977X/ref=sxin_24_trfob_2_B09W4X977X?content-id=amzn1.sym.4ac7c850-d10c-4dc2-a504-0101aadd5857%3Aamzn1.sym.4ac7c850-d10c-4dc2-a504-0101aadd5857&crid=2M096C61O4MLT&cv_ct_cx=bags&keywords=bags&pd_rd_i=B09W4X977X&pd_rd_r=1f6af1c5-eb39-4c52-90a1-4da7323c1606&pd_rd_w=B0Wfr&pd_rd_wg=To9e4&pf_rd_p=4ac7c850-d10c-4dc2-a504-0101aadd5857&pf_rd_r=1QS7G7DTRPPNT6NKEPHT&qid=1668800803&qu=eyJxc2MiOiI4LjA0IiwicXNhIjoiOC4wNiIsInFzcCI6IjYuNzgifQ%3D%3D&sprefix=ba%2Caps%2C283&sr=1-3-cc7a04fe-cc55-42ad-b883-1b910070c86a
"
Amazon Brand - Symbol Autumn-Winter'20 womens Handbag (mustard),Rs. 449,4.2 out of 5 stars,114,"https://www.amazon.in/Amazon-Brand-Autumn-Winter20-Handbag-mustard/dp/B08HVGQ3KT/ref=sxin_24_trfob_3_B08HVGQ3KT?content-id=amzn1.sym.4ac7c850-d10c-4dc2-a504-0101aadd5857%3Aamzn1.sym.4ac7c850-d10c-4dc2-a504-0101aadd5857&crid=2M096C61O4MLT&cv_ct_cx=bags&keywords=bags&pd_rd_i=B08HVGQ3KT&pd_rd_r=1f6af1c5-eb39-4c52-90a1-4da7323c1606&pd_rd_w=B0Wfr&pd_rd_wg=To9e4&pf_rd_p=4ac7c850-d10c-4dc2-a504-0101aadd5857&pf_rd_r=1QS7G7DTRPPNT6NKEPHT&qid=1668800803&qu=eyJxc2MiOiI4LjA0IiwicXNhIjoiOC4wNiIsInFzcCI6IjYuNzgifQ%3D%3D&sprefix=ba%2Caps%2C283&sr=1-4-cc7a04fe-cc55-42ad-b883-1b910070c86a
"
Amazon Brand - Solimo 3 in 1 Messenger Bag (Grey),"Rs. 1,089",4.1 out of 5 stars,74,"https://www.amazon.in/Amazon-Brand-Solimo-Messenger-Grey/dp/B07SB9JJ3Z/ref=sxin_24_trfob_4_B07SB9JJ3Z?content-id=amzn1.sym.4ac7c850-d10c-4dc2-a504-0101aadd5857%3Aamzn1.sym.4ac7c850-d10c-4dc2-a504-0101aadd5857&crid=2M096C61O4MLT&cv_ct_cx=bags&keywords=bags&pd_rd_i=B07SB9JJ3Z&pd_rd_r=1f6af1c5-eb39-4c52-90a1-4da7323c1606&pd_rd_w=B0Wfr&pd_rd_wg=To9e4&pf_rd_p=4ac7c850-d10c-4dc2-a504-0101aadd5857&pf_rd_r=1QS7G7DTRPPNT6NKEPHT&qid=1668800803&qu=eyJxc2MiOiI4LjA0IiwicXNhIjoiOC4wNiIsInFzcCI6IjYuNzgifQ%3D%3D&sprefix=ba%2Caps%2C283&sr=1-5-cc7a04fe-cc55-42ad-b883-1b910070c86a
"
Amazon Brand EONO Cotton Tote Bag,Rs. 299,4.3 out of 5 stars,340,"https://www.amazon.in/Amazon-Brand-EONO-Cotton-Flowers-Natural/dp/B0B3HQSLQT/ref=sxin_24_trfob_5_B0B3HQSLQT?content-id=amzn1.sym.4ac7c850-d10c-4dc2-a504-0101aadd5857%3Aamzn1.sym.4ac7c850-d10c-4dc2-a504-0101aadd5857&crid=2M096C61O4MLT&cv_ct_cx=bags&keywords=bags&pd_rd_i=B0B3HQSLQT&pd_rd_r=1f6af1c5-eb39-4c52-90a1-4da7323c1606&pd_rd_w=B0Wfr&pd_rd_wg=To9e4&pf_rd_p=4ac7c850-d10c-4dc2-a504-0101aadd5857&pf_rd_r=1QS7G7DTRPPNT6NKEPHT&qid=1668800803&qu=eyJxc2MiOiI4LjA0IiwicXNhIjoiOC4wNiIsInFzcCI6IjYuNzgifQ%3D%3D&sprefix=ba%2Caps%2C283&sr=1-6-cc7a04fe-cc55-42ad-b883-1b910070c86a
"
Murano Victor 31 LTR Laptop Backpack for 15.6 inch Laptop and Polyester Water Resistance Backpack for Men and Women- Green,"Rs. 1,479",4.3 out of 5 stars,58,"https://www.amazon.in/MURANO-Green-Laptop-Backpack-9050037_E/dp/B077D5JPXN/ref=sxin_24_trfob_6_B077D5JPXN?content-id=amzn1.sym.4ac7c850-d10c-4dc2-a504-0101aadd5857%3Aamzn1.sym.4ac7c850-d10c-4dc2-a504-0101aadd5857&crid=2M096C61O4MLT&cv_ct_cx=bags&keywords=bags&pd_rd_i=B077D5JPXN&pd_rd_r=1f6af1c5-eb39-4c52-90a1-4da7323c1606&pd_rd_w=B0Wfr&pd_rd_wg=To9e4&pf_rd_p=4ac7c850-d10c-4dc2-a504-0101aadd5857&pf_rd_r=1QS7G7DTRPPNT6NKEPHT&qid=1668800803&qu=eyJxc2MiOiI4LjA0IiwicXNhIjoiOC4wNiIsInFzcCI6IjYuNzgifQ%3D%3D&sprefix=ba%2Caps%2C283&sr=1-7-cc7a04fe-cc55-42ad-b883-1b910070c86a
"
Murano Ascent 29 LTR Laptop Backpack for 15.6 inch Laptop and Nylon Water Resistance Backpack- Black,"Rs. 1,514",4.0 out of 5 stars,99,"https://www.amazon.in/MURANO-Black-Laptop-Backpack-9050035_A/dp/B076Y26KKW/ref=sxin_24_trfob_7_B076Y26KKW?content-id=amzn1.sym.4ac7c850-d10c-4dc2-a504-0101aadd5857%3Aamzn1.sym.4ac7c850-d10c-4dc2-a504-0101aadd5857&crid=2M096C61O4MLT&cv_ct_cx=bags&keywords=bags&pd_rd_i=B076Y26KKW&pd_rd_r=1f6af1c5-eb39-4c52-90a1-4da7323c1606&pd_rd_w=B0Wfr&pd_rd_wg=To9e4&pf_rd_p=4ac7c850-d10c-4dc2-a504-0101aadd5857&pf_rd_r=1QS7G7DTRPPNT6NKEPHT&qid=1668800803&qu=eyJxc2MiOiI4LjA0IiwicXNhIjoiOC4wNiIsInFzcCI6IjYuNzgifQ%3D%3D&sprefix=ba%2Caps%2C283&sr=1-8-cc7a04fe-cc55-42ad-b883-1b910070c86a
"
ADISA Laptop Backpack 31 Ltrs,Rs. 599,4.0 out of 5 stars,"8,640","https://www.amazon.in/ADISA-BP004-Weight-Casual-Backpack/dp/B07G3CG9FC/ref=sr_1_14?crid=2M096C61O4MLT&keywords=bags&qid=1668800803&qu=eyJxc2MiOiI4LjA0IiwicXNhIjoiOC4wNiIsInFzcCI6IjYuNzgifQ%3D%3D&sprefix=ba%2Caps%2C283&sr=8-14
"
AirCase 13 Inch/ 14 Inch/15.6 Inch Premium Vegan Leather Laptop Backpack for Men & Women,Rs. 999,4.0 out of 5 stars,"1,506","https://www.amazon.in/AirCase-C34-Laptop-Backpack-Women/dp/B07QN4KXWG/ref=sr_1_15?crid=2M096C61O4MLT&keywords=bags&qid=1668800803&qu=eyJxc2MiOiI4LjA0IiwicXNhIjoiOC4wNiIsInFzcCI6IjYuNzgifQ%3D%3D&sprefix=ba%2Caps%2C283&sr=8-15
"
"Safari Flash Casual Backpack, 26 ltr Water Resistant Travel Bags, Blue Light Weight Polyester Bagpack for Men and Women, Spacious Shoulder Bag for College, Office, Travelling and Camping",Rs. 699,4.0 out of 5 stars,"1,005","https://www.amazon.in/Safari-Backpack-Resistant-Polyester-Travelling/dp/B09B26VHXV/ref=sr_1_16?crid=2M096C61O4MLT&keywords=bags&qid=1668800803&qu=eyJxc2MiOiI4LjA0IiwicXNhIjoiOC4wNiIsInFzcCI6IjYuNzgifQ%3D%3D&sprefix=ba%2Caps%2C283&sr=8-16
"
F Gear Luxur Brown 25 liter Laptop Backpack (2404),"Rs. 1,161",4.4 out of 5 stars,"15,836","https://www.amazon.in/F-Gear-Luxur-Brown-Backpack/dp/B01F7AX9ZA/ref=sr_1_17?crid=2M096C61O4MLT&keywords=bags&qid=1668800803&qu=eyJxc2MiOiI4LjA0IiwicXNhIjoiOC4wNiIsInFzcCI6IjYuNzgifQ%3D%3D&sprefix=ba%2Caps%2C283&sr=8-17
"
Fur Jaden Brown Textured Leatherette Stylish & Spacious Weekender Duffle Bag for Travel,Rs. 899,4.3 out of 5 stars,"4,616","https://www.amazon.in/FUR-JADEN-Leatherette-Polypropylene-DUFF05/dp/B07M9BRCQ5/ref=sr_1_18?crid=2M096C61O4MLT&keywords=bags&qid=1668800803&qu=eyJxc2MiOiI4LjA0IiwicXNhIjoiOC4wNiIsInFzcCI6IjYuNzgifQ%3D%3D&sprefix=ba%2Caps%2C283&sr=8-18
"
American Tourister Casual Backpack,"Rs. 1,199",4.1 out of 5 stars,"13,140","https://www.amazon.in/American-Tourister-AMT-SCH-BAG01/dp/B07CJCFNZG/ref=sr_1_19?crid=2M096C61O4MLT&keywords=bags&qid=1668800803&qu=eyJxc2MiOiI4LjA0IiwicXNhIjoiOC4wNiIsInFzcCI6IjYuNzgifQ%3D%3D&sprefix=ba%2Caps%2C283&sr=8-19
"
"Wesley Unisex Milestone Casual Waterproof Laptop Office School College Business Travel Backpack 25 L (Dimensions: 12.5x18 inches) (Compatible with 15.6 inch laptops), Navy Blue",Rs. 498,4.3 out of 5 stars,"11,603","https://www.amazon.in/Wesley-Milestone-Waterproof-Backpack-Business/dp/B07K8KLB3P/ref=sr_1_20?crid=2M096C61O4MLT&keywords=bags&qid=1668800803&qu=eyJxc2MiOiI4LjA0IiwicXNhIjoiOC4wNiIsInFzcCI6IjYuNzgifQ%3D%3D&sprefix=ba%2Caps%2C283&sr=8-20
"
"Northzone Boys & Girls Waterproof Stylish Sport Laptop size upto 15.6 inches Backpack with USB Charging, 34 L (Black)",Rs. 674,3.8 out of 5 stars,45,"https://www.amazon.in/sspa/click?ie=UTF8&spc=MTo0MTA0NjExODc0NzY2OTczOjE2Njg4MDA4MDM6c3BfYnRmOjIwMDM4MDA2MTg3Nzk4OjowOjo&url=%2FBackpack-Charging-Waterproof-Material-Capacity%2Fdp%2FB09MFWNY2C%2Fref%3Dsr_1_21_sspa%3Fcrid%3D2M096C61O4MLT%26keywords%3Dbags%26qid%3D1668800803%26qu%3DeyJxc2MiOiI4LjA0IiwicXNhIjoiOC4wNiIsInFzcCI6IjYuNzgifQ%253D%253D%26sprefix%3Dba%252Caps%252C283%26sr%3D8-21-spons%26sp_csd%3Dd2lkZ2V0TmFtZT1zcF9idGY%26psc%3D1
"
HEROZ Hammer Unisex Nylon 45 L Travel Laptop Backpack Water Resistant Slim Durable Fits Up to 17.3 Inch Laptop Notebook (All) (Grey & A. Blue 1000),"Rs. 1,399",4.3 out of 5 stars,"7,411","https://www.amazon.in/sspa/click?ie=UTF8&spc=MTo0MTA0NjExODc0NzY2OTczOjE2Njg4MDA4MDM6c3BfYnRmOjIwMDMyNTY1MDQ2OTk4OjowOjo&url=%2FHEROZ-Hammer-Backpack-Resistant-Durable%2Fdp%2FB07M82M8G7%2Fref%3Dsr_1_22_sspa%3Fcrid%3D2M096C61O4MLT%26keywords%3Dbags%26qid%3D1668800803%26qu%3DeyJxc2MiOiI4LjA0IiwicXNhIjoiOC4wNiIsInFzcCI6IjYuNzgifQ%253D%253D%26sprefix%3Dba%252Caps%252C283%26sr%3D8-22-spons%26sp_csd%3Dd2lkZ2V0TmFtZT1zcF9idGY%26psc%3D1%26smid%3DAGHKR430JFM4U
"
Half Moon Large 37L Laptop Bag Backpack for menं Women Boys and Girls Luggage Travel Bags with 17.3 inches Laptop Compartment & Rain Cover,Rs. 849,3.8 out of 5 stars,"1,543","https://www.amazon.in/Half-Moon-Backpack-Luggage-Compartment/dp/B09VCLZ3K4/ref=sr_1_66?crid=2M096C61O4MLT&keywords=bags&qid=1668800809&qu=eyJxc2MiOiI4LjA0IiwicXNhIjoiOC4wNiIsInFzcCI6IjYuNzgifQ%3D%3D&sprefix=ba%2Caps%2C283&sr=8-66
"
Wildcraft 44 Ltrs Casual Backpack (11629-Wolf_Black),"Rs. 1,597",4.3 out of 5 stars,"5,209","https://www.amazon.in/Wildcraft-Wolf_Blk-Casual-Backpack-11629-Wolf_Blk/dp/B079DDT65R/ref=sr_1_67?crid=2M096C61O4MLT&keywords=bags&qid=1668800809&qu=eyJxc2MiOiI4LjA0IiwicXNhIjoiOC4wNiIsInFzcCI6IjYuNzgifQ%3D%3D&sprefix=ba%2Caps%2C283&sr=8-67
"
Dybbuk Lightweight School Bags Backpacks for Boys Girls Stylish Men and Women Casual Travel Laptop Bag College Office,Rs. 449,2.7 out of 5 stars,6,"https://www.amazon.in/Dybbuk-Lightweight-Backpacks-Stylish-College/dp/B0BCGWRTHT/ref=sr_1_68?crid=2M096C61O4MLT&keywords=bags&qid=1668800809&qu=eyJxc2MiOiI4LjA0IiwicXNhIjoiOC4wNiIsInFzcCI6IjYuNzgifQ%3D%3D&sprefix=ba%2Caps%2C283&sr=8-68
"
Skybags Riddle 2 Blue 45 Cms Casual Backpack,"Rs. 1,059",4.3 out of 5 stars,19,"https://www.amazon.in/Skybags-Riddle-Blue-Casual-Backpack/dp/B08Z298H44/ref=sr_1_69?crid=2M096C61O4MLT&keywords=bags&qid=1668800809&qu=eyJxc2MiOiI4LjA0IiwicXNhIjoiOC4wNiIsInFzcCI6IjYuNzgifQ%3D%3D&sprefix=ba%2Caps%2C283&sr=8-69
"
Asus BP1504 39.62 cm (15.6-inch) Laptop Backpack (Dark Grey),Rs. 819,4.2 out of 5 stars,"1,343","https://www.amazon.in/Asus-BP1504-15-6-inch-Laptop-Backpack/dp/B0895ZZHKK/ref=sr_1_70?crid=2M096C61O4MLT&keywords=bags&qid=1668800809&qu=eyJxc2MiOiI4LjA0IiwicXNhIjoiOC4wNiIsInFzcCI6IjYuNzgifQ%3D%3D&sprefix=ba%2Caps%2C283&sr=8-70
"
Red Lemon Polyester Bange Series 15.6inch Laptop Bag for Men 35 LTR Capacity Daily Office Bag for Men and Women Black (1903),"Rs. 2,849",4.2 out of 5 stars,140,"https://www.amazon.in/Red-Lemon-Polyester-15-6-inch-Waterproof/dp/B07XYY2FW4/ref=sr_1_71?crid=2M096C61O4MLT&keywords=bags&qid=1668800809&qu=eyJxc2MiOiI4LjA0IiwicXNhIjoiOC4wNiIsInFzcCI6IjYuNzgifQ%3D%3D&sprefix=ba%2Caps%2C283&sr=8-71
"
American Tourister Casual Backpack,"Rs. 1,199",4.1 out of 5 stars,"13,140","https://www.amazon.in/American-Tourister-AMT-SCH-BAG01/dp/B07CJCFNZG/ref=sr_1_72?crid=2M096C61O4MLT&keywords=bags&qid=1668800809&qu=eyJxc2MiOiI4LjA0IiwicXNhIjoiOC4wNiIsInFzcCI6IjYuNzgifQ%3D%3D&sprefix=ba%2Caps%2C283&sr=8-72
"
Killer Louis 38L Large Laptop Backpack with 3 Compartments Black Polyester Trendy Waterproof Travel Backpack,"Rs. 1,801",4.4 out of 5 stars,"2,080","https://www.amazon.in/Killer-Backpack-Compartments-Polyester-Waterproof/dp/B07C9XHZT1/ref=sr_1_73?crid=2M096C61O4MLT&keywords=bags&qid=1668800809&qu=eyJxc2MiOiI4LjA0IiwicXNhIjoiOC4wNiIsInFzcCI6IjYuNzgifQ%3D%3D&sprefix=ba%2Caps%2C283&sr=8-73
"
POLICE HEDGE BACKPACK,"Rs. 1,399",4.0 out of 5 stars,909,"https://www.amazon.in/Police-Polyester-laptop-casual-backpack/dp/B09CQ5T3LN/ref=sr_1_74?crid=2M096C61O4MLT&keywords=bags&qid=1668800809&qu=eyJxc2MiOiI4LjA0IiwicXNhIjoiOC4wNiIsInFzcCI6IjYuNzgifQ%3D%3D&sprefix=ba%2Caps%2C283&sr=8-74
"
"POLESTAR Vintage 32 L College/ School/ Office/ Casual/ Travel Backpack with 15.6"" laptop compartment, suitable for both men & women,1 year warranty",Rs. 699,3.9 out of 5 stars,"7,648","https://www.amazon.in/POLESTAR-Vintage-Laptop-Backpack-bagpack/dp/B081GSQ9D9/ref=sr_1_75?crid=2M096C61O4MLT&keywords=bags&qid=1668800809&qu=eyJxc2MiOiI4LjA0IiwicXNhIjoiOC4wNiIsInFzcCI6IjYuNzgifQ%3D%3D&sprefix=ba%2Caps%2C283&sr=8-75
"
EAYIRA Hanging Travel Toiletry Kit Bag Cosmetic Make up Organizer Multifunction Portable Makeup Pouch for Women and Girls Waterproof Ladies Case Travelling Storage Inner Ware Up Brush Kit Holder,Rs. 380,4.0 out of 5 stars,611,"https://www.amazon.in/EAYIRA-Portable-Multifunctional-Organizer-Cosmetic/dp/B07QYVX5FT/ref=sr_1_76?crid=2M096C61O4MLT&keywords=bags&qid=1668800809&qu=eyJxc2MiOiI4LjA0IiwicXNhIjoiOC4wNiIsInFzcCI6IjYuNzgifQ%3D%3D&sprefix=ba%2Caps%2C283&sr=8-76
"
Motherly Stylish Babies Diaper Bags for Mothers - Economical Version (Grey Pink),"Rs. 1,899",4.6 out of 5 stars,"5,141","https://www.amazon.in/Motherly-Stylish-Babies-Diaper-Mothers/dp/B07DMKJJB4/ref=sr_1_77?crid=2M096C61O4MLT&keywords=bags&qid=1668800809&qu=eyJxc2MiOiI4LjA0IiwicXNhIjoiOC4wNiIsInFzcCI6IjYuNzgifQ%3D%3D&sprefix=ba%2Caps%2C283&sr=8-77
"
Lenovo Slim Everyday Backpack,Rs. 839,4.4 out of 5 stars,"2,262","https://www.amazon.in/Lenovo-15-6-Inches-Everyday-Backpack/dp/B08R7RPVJF/ref=sr_1_78?crid=2M096C61O4MLT&keywords=bags&qid=1668800809&qu=eyJxc2MiOiI4LjA0IiwicXNhIjoiOC4wNiIsInFzcCI6IjYuNzgifQ%3D%3D&sprefix=ba%2Caps%2C283&sr=8-78
"
"Veneer Medium 20 L Laptop Backpack Men Womens Girls Fashion PU Leather Mini Casual Backpack Bags for School, College, Tuition, Office Bag (Black)",Rs. 944,4.2 out of 5 stars,671,"https://www.amazon.in/Veneer-Backpack-Fashion-Leather-College/dp/B09BMG8R6Y/ref=sr_1_79?crid=2M096C61O4MLT&keywords=bags&qid=1668800809&qu=eyJxc2MiOiI4LjA0IiwicXNhIjoiOC4wNiIsInFzcCI6IjYuNzgifQ%3D%3D&sprefix=ba%2Caps%2C283&sr=8-79
"
SFANE Yoga Series Polyester Gym Bag/Duffle Bag for Men & Women with Shoe Compartment (Grey),Rs. 449,4.4 out of 5 stars,396,"https://www.amazon.in/SFANE-Polyester-Duffle-Women-Compartment/dp/B08PD15TXH/ref=sr_1_80?crid=2M096C61O4MLT&keywords=bags&qid=1668800809&qu=eyJxc2MiOiI4LjA0IiwicXNhIjoiOC4wNiIsInFzcCI6IjYuNzgifQ%3D%3D&sprefix=ba%2Caps%2C283&sr=8-80
"
"Shalimar Large Capacity Travel Bag / Storage Bag / Move-in Bags/ Duffel Bag - Strong, Durable , Foldable and Water Resistant ( Pack of 1 ) ( Blue )",Rs. 247,4.1 out of 5 stars,210,"https://www.amazon.in/Shalimar-Capacity-Travel-Storage-Duffel/dp/B09TPHFMX7/ref=sr_1_81?crid=2M096C61O4MLT&keywords=bags&qid=1668800810&qu=eyJxc2MiOiI4LjA0IiwicXNhIjoiOC4wNiIsInFzcCI6IjYuNzgifQ%3D%3D&sprefix=ba%2Caps%2C283&sr=8-81
"
ADISA Light Weight Laptop Backpack 32 Ltrs,Rs. 599,4.0 out of 5 stars,"5,410","https://www.amazon.in/ADISA-BP005-Weight-Casual-Backpack/dp/B07F3X45WZ/ref=sr_1_82?crid=2M096C61O4MLT&keywords=bags&qid=1668800810&qu=eyJxc2MiOiI4LjA0IiwicXNhIjoiOC4wNiIsInFzcCI6IjYuNzgifQ%3D%3D&sprefix=ba%2Caps%2C283&sr=8-82
"
"Amazon Brand - Solimo Laptop Backpack for 15.6-inch Laptops (27 litres, Black)",Rs. 439,3.9 out of 5 stars,"1,182","https://www.amazon.in/Amazon-Brand-Backpack-15-6-inch-Laptops/dp/B076QFBFRG/ref=sr_1_83?crid=2M096C61O4MLT&keywords=bags&qid=1668800810&qu=eyJxc2MiOiI4LjA0IiwicXNhIjoiOC4wNiIsInFzcCI6IjYuNzgifQ%3D%3D&sprefix=ba%2Caps%2C283&sr=8-83
"
Lavie Women's Broxa Flap Over Sling Bag | Ladies Purse Handbag,Rs. 879,4.2 out of 5 stars,"5,243","https://www.amazon.in/Lavie-Broxa-Womens-Sling-Navy/dp/B08KT1PR6Q/ref=sr_1_84?crid=2M096C61O4MLT&keywords=bags&qid=1668800810&qu=eyJxc2MiOiI4LjA0IiwicXNhIjoiOC4wNiIsInFzcCI6IjYuNzgifQ%3D%3D&sprefix=ba%2Caps%2C283&sr=8-84
"
Gear ModernEco5 21L Water Resistant School Bag/Backpack/College Bag for Men/Women - NavyBlue,Rs. 429,3.9 out of 5 stars,"2,421","https://www.amazon.in/Gear-Ltrs-Casual-Backpack-MDBKPECO50504/dp/B0757K36YV/ref=sr_1_85?crid=2M096C61O4MLT&keywords=bags&qid=1668800810&qu=eyJxc2MiOiI4LjA0IiwicXNhIjoiOC4wNiIsInFzcCI6IjYuNzgifQ%3D%3D&sprefix=ba%2Caps%2C283&sr=8-85
"
Amazon Basics - Casual 21L  Laptop Backpack,Rs. 749,4.3 out of 5 stars,27,"https://www.amazon.in/Amazon-Basics-Casual-Laptop-Backpack/dp/B09W4X977X/ref=sr_1_86?crid=2M096C61O4MLT&keywords=bags&qid=1668800810&qu=eyJxc2MiOiI4LjA0IiwicXNhIjoiOC4wNiIsInFzcCI6IjYuNzgifQ%3D%3D&sprefix=ba%2Caps%2C283&sr=8-86
"
"LuvLap Baby Breast Milk Storage Bags (Pack of 25), BPA Free Disposable Milk Freezer Bags for Breast Feeding, Transparent",Rs. 288,4.4 out of 5 stars,448,"https://www.amazon.in/Storage-Disposable-Freezer-Feeding-Transparent/dp/B099ZZ57FT/ref=sr_1_87?crid=2M096C61O4MLT&keywords=bags&qid=1668800810&qu=eyJxc2MiOiI4LjA0IiwicXNhIjoiOC4wNiIsInFzcCI6IjYuNzgifQ%3D%3D&sprefix=ba%2Caps%2C283&sr=8-87
"
Wildcraft 44 Ltrs Blaze 3 Tiger Black Casual Backpack (12274_Tiger_Black)(HxWxD : 19x13.5x10.5)(inches),"Rs. 1,915",4.4 out of 5 stars,701,"https://www.amazon.in/Wildcraft-Blaze-Casual-Backpack-12274_Tiger_Black/dp/B0836BN4X4/ref=sr_1_88?crid=2M096C61O4MLT&keywords=bags&qid=1668800810&qu=eyJxc2MiOiI4LjA0IiwicXNhIjoiOC4wNiIsInFzcCI6IjYuNzgifQ%3D%3D&sprefix=ba%2Caps%2C283&sr=8-88
"
"Dell Pro Laptop Durable Polyester Padded Fabric Messenger Bag with Handle and Detachable Shoulder Strap for upto 15.6 Inch Laptop/Macbook for Men and Women (Black, PO1520C)","Rs. 2,299",4.0 out of 5 stars,48,"https://www.amazon.in/Durable-Polyester-Messenger-Detachable-Shoulder/dp/B0B6PF1L69/ref=sr_1_89?crid=2M096C61O4MLT&keywords=bags&qid=1668800810&qu=eyJxc2MiOiI4LjA0IiwicXNhIjoiOC4wNiIsInFzcCI6IjYuNzgifQ%3D%3D&sprefix=ba%2Caps%2C283&sr=8-89
"
Caprese Women's Tote Bag (Brown),Rs. 949,4.3 out of 5 stars,100,"https://www.amazon.in/Caprese-Womens-Tote-bag-Brown/dp/B09FT3MW7L/ref=sr_1_90?crid=2M096C61O4MLT&keywords=bags&qid=1668800810&qu=eyJxc2MiOiI4LjA0IiwicXNhIjoiOC4wNiIsInFzcCI6IjYuNzgifQ%3D%3D&sprefix=ba%2Caps%2C283&sr=8-90
"
Zouk Women's Office Bag (multicolour),"Rs. 1,699",4.2 out of 5 stars,56,"https://www.amazon.in/Zouk-Womens-Office-Bag-multicolour/dp/B09L79TM6D/ref=sr_1_91?crid=2M096C61O4MLT&keywords=bags&qid=1668800810&qu=eyJxc2MiOiI4LjA0IiwicXNhIjoiOC4wNiIsInFzcCI6IjYuNzgifQ%3D%3D&sprefix=ba%2Caps%2C283&sr=8-91
"
"Arctic Hunter Sling bag for men,Chest Bag for Men,Shoulder Bag for Men with Handle Crossbody Bag IPX6 Water-resistant Anti-theft Side Bag for Travel,Business,Black","Rs. 1,899",4.9 out of 5 stars,14,"https://www.amazon.in/Shoulder-Crossbody-Water-resistant-Anti-theft-Business/dp/B0B6G2SQW9/ref=sr_1_92?crid=2M096C61O4MLT&keywords=bags&qid=1668800810&qu=eyJxc2MiOiI4LjA0IiwicXNhIjoiOC4wNiIsInFzcCI6IjYuNzgifQ%3D%3D&sprefix=ba%2Caps%2C283&sr=8-92
"
"Motherly Baby Diaper Bag, Mothers Maternity Bags for Travel (Unicorn Blue)","Rs. 2,299",4.7 out of 5 stars,"2,896","https://www.amazon.in/Motherly-Diaper-Mothers-Maternity-Unicorn/dp/B07PMJGTPH/ref=sr_1_94?crid=2M096C61O4MLT&keywords=bags&qid=1668800810&qu=eyJxc2MiOiI4LjA0IiwicXNhIjoiOC4wNiIsInFzcCI6IjYuNzgifQ%3D%3D&sprefix=ba%2Caps%2C283&sr=8-94
"
TRAWOC 80L Travel Backpack for Outdoor Sport Camp Hiking Trekking Bag Camping Rucksack HK007 (Grey) 1 Year Warranty,"Rs. 2,337",4.4 out of 5 stars,"6,202","https://www.amazon.in/TRAWOC-Backpack-Trekking-Rucksack-Warranty/dp/B0847PGZZM/ref=sr_1_95?crid=2M096C61O4MLT&keywords=bags&qid=1668800810&qu=eyJxc2MiOiI4LjA0IiwicXNhIjoiOC4wNiIsInFzcCI6IjYuNzgifQ%3D%3D&sprefix=ba%2Caps%2C283&sr=8-95
"
"Polestar Space 34 Liters Casual/ Office/ Travel/ School Backpack Bag, made of Polyester, 1 year warranty",Rs. 669,4.0 out of 5 stars,"5,701","https://www.amazon.in/POLESTAR-Navyorg-Casual-bagpack-Backpack/dp/B0844R2GMK/ref=sr_1_96?crid=2M096C61O4MLT&keywords=bags&qid=1668800810&qu=eyJxc2MiOiI4LjA0IiwicXNhIjoiOC4wNiIsInFzcCI6IjYuNzgifQ%3D%3D&sprefix=ba%2Caps%2C283&sr=8-96
"
"NORTH ZONE Men's and Women's Lightweight Casual Laptop Bag (30 L, Navy Blue)",Rs. 599,4.0 out of 5 stars,200,"https://www.amazon.in/sspa/click?ie=UTF8&spc=MTo0MDE5NDkyMzIyNzA1NDE0OjE2Njg4MDA4MTM6c3BfYXRmX25leHQ6MjAwNzQ3Njg3MTQ4OTg6OjA6Og&url=%2FNORTH-ZONE-Womens-Lightweight-Casual%2Fdp%2FB0BCYX6DW2%2Fref%3Dsr_1_113_sspa%3Fcrid%3D2M096C61O4MLT%26keywords%3Dbags%26qid%3D1668800813%26qu%3DeyJxc2MiOiI4LjA0IiwicXNhIjoiOC4wNiIsInFzcCI6IjYuNzgifQ%253D%253D%26sprefix%3Dba%252Caps%252C283%26sr%3D8-113-spons%26sp_csd%3Dd2lkZ2V0TmFtZT1zcF9hdGZfbmV4dA%26psc%3D1
"
Skybags Riddle 2 Blue 45 Cms Casual Backpack,"Rs. 1,059",4.3 out of 5 stars,19,"https://www.amazon.in/Skybags-Riddle-Blue-Casual-Backpack/dp/B08Z298H44/ref=sr_1_115?crid=2M096C61O4MLT&keywords=bags&qid=1668800813&qu=eyJxc2MiOiI4LjA0IiwicXNhIjoiOC4wNiIsInFzcCI6IjYuNzgifQ%3D%3D&sprefix=ba%2Caps%2C283&sr=8-115
"
Asus BP1504 39.62 cm (15.6-inch) Laptop Backpack (Dark Grey),Rs. 819,4.2 out of 5 stars,"1,343","https://www.amazon.in/Asus-BP1504-15-6-inch-Laptop-Backpack/dp/B0895ZZHKK/ref=sr_1_116?crid=2M096C61O4MLT&keywords=bags&qid=1668800813&qu=eyJxc2MiOiI4LjA0IiwicXNhIjoiOC4wNiIsInFzcCI6IjYuNzgifQ%3D%3D&sprefix=ba%2Caps%2C283&sr=8-116
"
"Storite Nylon Neck Zipper Travel Mobile Pouch Cross Body Sling Bag For Men & Women (BlackGrey,14x3x18 cm)",Rs. 299,3.9 out of 5 stars,595,"https://www.amazon.in/Storite-Stylish-Sling-Business-Messenger/dp/B07X4HWF27/ref=sr_1_117?crid=2M096C61O4MLT&keywords=bags&qid=1668800813&qu=eyJxc2MiOiI4LjA0IiwicXNhIjoiOC4wNiIsInFzcCI6IjYuNzgifQ%3D%3D&sprefix=ba%2Caps%2C283&sr=8-117
"
Martucci Large 35 L Backpack Spacy Unisex /College/School/Travel Backpack with Rain Cover and Reflective Strip,Rs. 769,4.2 out of 5 stars,465,"https://www.amazon.in/Martucci-Backpack-College-Reflective-Airport/dp/B0B7DVC3TL/ref=sr_1_118?crid=2M096C61O4MLT&keywords=bags&qid=1668800813&qu=eyJxc2MiOiI4LjA0IiwicXNhIjoiOC4wNiIsInFzcCI6IjYuNzgifQ%3D%3D&sprefix=ba%2Caps%2C283&sr=8-118
"
Half Moon 35 L Casual Waterproof 15.6 inch Laptop Bag/Backpack for Men Women Boys Girls/Office School College Teens & Students with Rain Cover (Black),Rs. 699,3.8 out of 5 stars,194,"https://www.amazon.in/Half-Moon-Waterproof-Laptop-Backpack/dp/B08RB3ZSLH/ref=sr_1_119?crid=2M096C61O4MLT&keywords=bags&qid=1668800813&qu=eyJxc2MiOiI4LjA0IiwicXNhIjoiOC4wNiIsInFzcCI6IjYuNzgifQ%3D%3D&sprefix=ba%2Caps%2C283&sr=8-119
"
"uppercase Medium 17 Ltrs Vegan Leather (14.6 inch) Laptop Backpack 2300EBP1 3x more water repellent sustainable bags with rain proof zippers for Men, Women, Boys and Girls, 750 Days warranty (Green)","Rs. 1,600",4.2 out of 5 stars,62,"https://www.amazon.in/uppercase-Backpack-2300EBP1-repellent-sustainable/dp/B0B69M182Q/ref=sr_1_120?crid=2M096C61O4MLT&keywords=bags&qid=1668800813&qu=eyJxc2MiOiI4LjA0IiwicXNhIjoiOC4wNiIsInFzcCI6IjYuNzgifQ%3D%3D&sprefix=ba%2Caps%2C283&sr=8-120
"
"Half Moon Large 35 L Laptop College School & Travel Bag Backpack for Men Women Boys and Girls Spacy Luggage Bags with 17.3 inches Laptop Compartment, Reflective Strip & Rain Cover",Rs. 849,4.0 out of 5 stars,1,"https://www.amazon.in/Half-Moon-Backpack-Compartment-Reflective/dp/B0BJXKVGK4/ref=sr_1_121?crid=2M096C61O4MLT&keywords=bags&qid=1668800813&qu=eyJxc2MiOiI4LjA0IiwicXNhIjoiOC4wNiIsInFzcCI6IjYuNzgifQ%3D%3D&sprefix=ba%2Caps%2C283&sr=8-121
"
"Nivia 5227 Pulse Junior Bag, Others (Orange)",Rs. 294,3.1 out of 5 stars,19,"https://www.amazon.in/Nivia-5227-Junior-Others-Orange/dp/B08D7QKCX5/ref=sr_1_122?crid=2M096C61O4MLT&keywords=bags&qid=1668800813&qu=eyJxc2MiOiI4LjA0IiwicXNhIjoiOC4wNiIsInFzcCI6IjYuNzgifQ%3D%3D&sprefix=ba%2Caps%2C283&sr=8-122
"
Half Moon 35 L Casual Waterproof Laptop Bag/Backpack for Men Women Boys Girls/Office School College Teens & Students with Rain Cover (18 Inch) (Navy),Rs. 699,3.9 out of 5 stars,"13,840","https://www.amazon.in/sspa/click?ie=UTF8&spc=MTo0MDE5NDkyMzIyNzA1NDE0OjE2Njg4MDA4MTM6c3BfbXRmOjIwMDM1MTgyOTQ3Nzk4OjowOjo&url=%2FHalf-Moon-Waterproof-Backpack-Students%2Fdp%2FB085MHDJ93%2Fref%3Dsr_1_124_sspa%3Fcrid%3D2M096C61O4MLT%26keywords%3Dbags%26qid%3D1668800813%26qu%3DeyJxc2MiOiI4LjA0IiwicXNhIjoiOC4wNiIsInFzcCI6IjYuNzgifQ%253D%253D%26sprefix%3Dba%252Caps%252C283%26sr%3D8-124-spons%26sp_csd%3Dd2lkZ2V0TmFtZT1zcF9tdGY%26psc%3D1
"
Nivia Deflate Polyester Round - 01 Bag (Black),Rs. 474,4.3 out of 5 stars,"5,260","https://www.amazon.in/Nivia-Deflate-5180BK-Polyester-Round/dp/B07222KX3S/ref=sr_1_125?crid=2M096C61O4MLT&keywords=bags&qid=1668800813&qu=eyJxc2MiOiI4LjA0IiwicXNhIjoiOC4wNiIsInFzcCI6IjYuNzgifQ%3D%3D&sprefix=ba%2Caps%2C283&sr=8-125
"
Baggit Women's Sling Bag,Rs. 579,3.7 out of 5 stars,338,"https://www.amazon.in/Baggit-2123474-Womens-Bag-LPXE_TROLL_E_DIEGO_MUD_YELLOW_L/dp/B0992CMS1N/ref=sr_1_126?crid=2M096C61O4MLT&keywords=bags&qid=1668800813&qu=eyJxc2MiOiI4LjA0IiwicXNhIjoiOC4wNiIsInFzcCI6IjYuNzgifQ%3D%3D&sprefix=ba%2Caps%2C283&sr=8-126
"
"Arctic Hunter Laptop Bag,Messenger bags for Men and Women Laptop Sling Bag with Handle Water-resistant Laptop Briefcase for 15.6 inch Laptop Multiple Pockets for Travel Office","Rs. 2,849",4.3 out of 5 stars,9,"https://www.amazon.in/Messenger-Water-resistant-Briefcase-Multiple-Pockets/dp/B0B6G58BYC/ref=sr_1_127?crid=2M096C61O4MLT&keywords=bags&qid=1668800813&qu=eyJxc2MiOiI4LjA0IiwicXNhIjoiOC4wNiIsInFzcCI6IjYuNzgifQ%3D%3D&sprefix=ba%2Caps%2C283&sr=8-127
"
ZIPLOC Polyester 42 Liters Waterproof Laptop Backpack/Office Bag/School Bag/College Bag/Business Bag/Unisex Travel Backpack ( Black ),"Rs. 1,599",3.7 out of 5 stars,7,"https://www.amazon.in/ZIPLOC-Polyester-Waterproof-Backpack-Business/dp/B099FFLQ5Q/ref=sr_1_128?crid=2M096C61O4MLT&keywords=bags&qid=1668800813&qu=eyJxc2MiOiI4LjA0IiwicXNhIjoiOC4wNiIsInFzcCI6IjYuNzgifQ%3D%3D&sprefix=ba%2Caps%2C283&sr=8-128
"
"Arctic Hunter Sling bag for men,Chest Bag for Men,Shoulder Bag for Men with Handle Crossbody Bag IPX6 Water-resistant Anti-theft Side Bag for Travel,Business,Black","Rs. 1,899",4.9 out of 5 stars,14,"https://www.amazon.in/Shoulder-Crossbody-Water-resistant-Anti-theft-Business/dp/B0B6G2SQW9/ref=sr_1_129?crid=2M096C61O4MLT&keywords=bags&qid=1668800813&qu=eyJxc2MiOiI4LjA0IiwicXNhIjoiOC4wNiIsInFzcCI6IjYuNzgifQ%3D%3D&sprefix=ba%2Caps%2C283&sr=8-129
"
Blue Tree Cute Kids Backpack Toddler Bag Plush Animal Cartoon Mini Travel Bag for Baby Girl Boy 1-6 Years (Smiling-Tiger),Rs. 278,3.9 out of 5 stars,94,"https://www.amazon.in/Backpack-Toddler-Animal-Cartoon-Smiling-Tiger/dp/B08D5N6QWN/ref=sr_1_130?crid=2M096C61O4MLT&keywords=bags&qid=1668800813&qu=eyJxc2MiOiI4LjA0IiwicXNhIjoiOC4wNiIsInFzcCI6IjYuNzgifQ%3D%3D&sprefix=ba%2Caps%2C283&sr=8-130
"
ZOUK Women's Handmade Vegan Leather Office Bag for 15.6 inch Laptop with Double Handles (Multicolor),"Rs. 1,699",4.5 out of 5 stars,42,"https://www.amazon.in/ZOUK-Handmade-Leather-Handles-Multicolor/dp/B09QRYDXJH/ref=sr_1_131?crid=2M096C61O4MLT&keywords=bags&qid=1668800813&qu=eyJxc2MiOiI4LjA0IiwicXNhIjoiOC4wNiIsInFzcCI6IjYuNzgifQ%3D%3D&sprefix=ba%2Caps%2C283&sr=8-131
"
ZIPLINE Office Laptop Synthetic Leather Executive Formal 15.6 inch Laptop & MacBook Briefcase Messenger/Office/Travel/Business Bag for Men Women with Multiple compartments,"Rs. 1,503",4.3 out of 5 stars,"1,020","https://www.amazon.in/ZIPLINE-Synthetic-Executive-Briefcase-compartments/dp/B0756WRR9Z/ref=sr_1_132?crid=2M096C61O4MLT&keywords=bags&qid=1668800813&qu=eyJxc2MiOiI4LjA0IiwicXNhIjoiOC4wNiIsInFzcCI6IjYuNzgifQ%3D%3D&sprefix=ba%2Caps%2C283&sr=8-132
"
Cosmus Vogue Casual Laptop Backpack with USB Charger Port 46cm 26 Litre Maroon College Bag,"Rs. 1,358",4.2 out of 5 stars,"1,298","https://www.amazon.in/sspa/click?ie=UTF8&spc=MTo0MDE5NDkyMzIyNzA1NDE0OjE2Njg4MDA4MTM6c3BfYnRmOjIwMDkwNjQ0Nzk5NTA2OjowOjo&url=%2FCosmus-Casual-Backpack-Charger-College%2Fdp%2FB09HX54TGF%2Fref%3Dsr_1_133_sspa%3Fcrid%3D2M096C61O4MLT%26keywords%3Dbags%26qid%3D1668800813%26qu%3DeyJxc2MiOiI4LjA0IiwicXNhIjoiOC4wNiIsInFzcCI6IjYuNzgifQ%253D%253D%26sprefix%3Dba%252Caps%252C283%26sr%3D8-133-spons%26sp_csd%3Dd2lkZ2V0TmFtZT1zcF9idGY%26psc%3D1
"
"Northzone Boys & Girls Waterproof Stylish Sport Laptop size upto 15.6 inches Backpack with USB Charging, 34 L (Black)",Rs. 674,3.8 out of 5 stars,45,"https://www.amazon.in/sspa/click?ie=UTF8&spc=MTo0MDE5NDkyMzIyNzA1NDE0OjE2Njg4MDA4MTM6c3BfYnRmOjIwMDM4MDA2MTg3Nzk4OjowOjo&url=%2FBackpack-Charging-Waterproof-Material-Capacity%2Fdp%2FB09MFWNY2C%2Fref%3Dsr_1_134_sspa%3Fcrid%3D2M096C61O4MLT%26keywords%3Dbags%26qid%3D1668800813%26qu%3DeyJxc2MiOiI4LjA0IiwicXNhIjoiOC4wNiIsInFzcCI6IjYuNzgifQ%253D%253D%26sprefix%3Dba%252Caps%252C283%26sr%3D8-134-spons%26sp_csd%3Dd2lkZ2V0TmFtZT1zcF9idGY%26psc%3D1
"
SKYBAGS Campus Navy Blue Logo Print College Laptop Backpack 30L,"Rs. 2,047",4.1 out of 5 stars,121,"https://www.amazon.in/SKYBAGS-Campus-College-Laptop-Backpack/dp/B0842582RV/ref=sr_1_129?crid=2M096C61O4MLT&keywords=bags&qid=1668800814&qu=eyJxc2MiOiI4LjA0IiwicXNhIjoiOC4wNiIsInFzcCI6IjYuNzgifQ%3D%3D&sprefix=ba%2Caps%2C283&sr=8-129
"
Amazon Brand - Eden & Ivy Women's Shopping Bag,Rs. 649,4.0 out of 5 stars,887,"https://www.amazon.in/Amazon-Brand-Eden-Womens-Handbag/dp/B08353X5RB/ref=sr_1_130?crid=2M096C61O4MLT&keywords=bags&qid=1668800814&qu=eyJxc2MiOiI4LjA0IiwicXNhIjoiOC4wNiIsInFzcCI6IjYuNzgifQ%3D%3D&sprefix=ba%2Caps%2C283&sr=8-130
"
The Clownfish Laptop Bag Tablet Computer up to 15.6 inch for Women and Men Water Resistant Synthetic Leather Briefcase Office Bag Messenger Sling Shoulder Bag with Strap MacBook Notebook Handbag Business Briefcase Bags,"Rs. 1,899",4.3 out of 5 stars,457,"https://www.amazon.in/Clownfish-Briefcase-Shoulder-Messenger-Chocolate/dp/B07FSFHFVJ/ref=sr_1_131?crid=2M096C61O4MLT&keywords=bags&qid=1668800814&qu=eyJxc2MiOiI4LjA0IiwicXNhIjoiOC4wNiIsInFzcCI6IjYuNzgifQ%3D%3D&sprefix=ba%2Caps%2C283&sr=8-131
"
Mammon women's PU Leather sling bags (Brown),Rs. 188,3.8 out of 5 stars,232,"https://www.amazon.in/Mammon-womens-Leather-sling-Brown/dp/B08LCMWNYX/ref=sr_1_132?crid=2M096C61O4MLT&keywords=bags&qid=1668800814&qu=eyJxc2MiOiI4LjA0IiwicXNhIjoiOC4wNiIsInFzcCI6IjYuNzgifQ%3D%3D&sprefix=ba%2Caps%2C283&sr=8-132
"
Lify Women's Retro Large Size Canvas Shoulder Bag Hobo Crossbody Handbag Casual Tote - 1 Piece,Rs. 299,3.8 out of 5 stars,"1,045","https://www.amazon.in/Lify-Womens-Shoulder-Crossbody-Handbag/dp/B09JWMW646/ref=sr_1_134?crid=2M096C61O4MLT&keywords=bags&qid=1668800814&qu=eyJxc2MiOiI4LjA0IiwicXNhIjoiOC4wNiIsInFzcCI6IjYuNzgifQ%3D%3D&sprefix=ba%2Caps%2C283&sr=8-134
"
"Starx Nylon-Mesh Compact Gym Bag, Adult Medium (Orange)",Rs. 191,3.8 out of 5 stars,95,"https://www.amazon.in/StarX-Compact-Nylon-Mesh-Medium-Orange/dp/B01NBTOX54/ref=sr_1_135?crid=2M096C61O4MLT&keywords=bags&qid=1668800814&qu=eyJxc2MiOiI4LjA0IiwicXNhIjoiOC4wNiIsInFzcCI6IjYuNzgifQ%3D%3D&sprefix=ba%2Caps%2C283&sr=8-135
"
Wooum Laptop Bag Laptop Backpack with 15.6 Inch Padded Compartment - Water Resistance Light Weight,Rs. 474,4.0 out of 5 stars,"1,926","https://www.amazon.in/Backpack-Fashion-Computer-Business-Black-BlueZip/dp/B08R7J19R8/ref=sr_1_136?crid=2M096C61O4MLT&keywords=bags&qid=1668800814&qu=eyJxc2MiOiI4LjA0IiwicXNhIjoiOC4wNiIsInFzcCI6IjYuNzgifQ%3D%3D&sprefix=ba%2Caps%2C283&sr=8-136
"
Lavie Bardsey Medium Dome Satchel Women's Handbag,"Rs. 1,529",3.9 out of 5 stars,192,"https://www.amazon.in/Lavie-Bardsey-Womens-Satchel-Ocher/dp/B07TGQHHD8/ref=sr_1_137?crid=2M096C61O4MLT&keywords=bags&qid=1668800814&qu=eyJxc2MiOiI4LjA0IiwicXNhIjoiOC4wNiIsInFzcCI6IjYuNzgifQ%3D%3D&sprefix=ba%2Caps%2C283&sr=8-137
"
"Fur Jaden 15.6 Inch Laptop Backpack 25 LTR Bag for School, College and Office with USB Charging Port",Rs. 599,3.9 out of 5 stars,"9,475","https://www.amazon.in/Casual-Backpack-Charging-Laptop-Compartment/dp/B07J46KLFP/ref=sr_1_138?crid=2M096C61O4MLT&keywords=bags&qid=1668800814&qu=eyJxc2MiOiI4LjA0IiwicXNhIjoiOC4wNiIsInFzcCI6IjYuNzgifQ%3D%3D&sprefix=ba%2Caps%2C283&sr=8-138
"
SHAMRIZ Women Sling Bag With Adjustable strap | handbag | purse |Side Sling bag | Tassel Sling Bag,Rs. 359,3.8 out of 5 stars,"2,547","https://www.amazon.in/SHAMRIZ-Womens-Sling-Parrot-Green/dp/B093TDHGHQ/ref=sr_1_139?crid=2M096C61O4MLT&keywords=bags&qid=1668800814&qu=eyJxc2MiOiI4LjA0IiwicXNhIjoiOC4wNiIsInFzcCI6IjYuNzgifQ%3D%3D&sprefix=ba%2Caps%2C283&sr=8-139
"
Half Moon Large 37L Laptop Bag Backpack for menं Women Boys and Girls Luggage Travel Bags with 17.3 inches Laptop Compartment & Rain Cover,Rs. 849,3.8 out of 5 stars,"1,543","https://www.amazon.in/Half-Moon-Backpack-Compartment-Reflective/dp/B0BJ32LQ6X/ref=sr_1_140?crid=2M096C61O4MLT&keywords=bags&qid=1668800814&qu=eyJxc2MiOiI4LjA0IiwicXNhIjoiOC4wNiIsInFzcCI6IjYuNzgifQ%3D%3D&sprefix=ba%2Caps%2C283&sr=8-140
"
ADISA CL029 women clutch/sling bag,Rs. 445,3.9 out of 5 stars,854,"https://www.amazon.in/ADISA-CL029-women-girls-clutch/dp/B079KH4GDG/ref=sr_1_141?crid=2M096C61O4MLT&keywords=bags&qid=1668800814&qu=eyJxc2MiOiI4LjA0IiwicXNhIjoiOC4wNiIsInFzcCI6IjYuNzgifQ%3D%3D&sprefix=ba%2Caps%2C283&sr=8-141
"
HAMMONDS FLYCATCHER Genuine Leather Executive Formal Office Bag | Shoulder Laptop Messenger Bag For Men | MacBook|NoteBook Upto 14 Inch| Crossbody Handbags with Shoulder Straps | Brown | LMB105,"Rs. 2,571",4.3 out of 5 stars,"4,051","https://www.amazon.in/Hammonds-Flycatcher-Genuine-Leather-Messenger/dp/B07MDTVDQH/ref=sr_1_142?crid=2M096C61O4MLT&keywords=bags&qid=1668800814&qu=eyJxc2MiOiI4LjA0IiwicXNhIjoiOC4wNiIsInFzcCI6IjYuNzgifQ%3D%3D&sprefix=ba%2Caps%2C283&sr=8-142
"
ZOUK Unisex-Adult Laptop Bag (Multicolour),"Rs. 1,999",4.5 out of 5 stars,905,"https://www.amazon.in/Zouk-Leather-Everyday-Adjustable-Compartments/dp/B079TQNTRJ/ref=sr_1_143?crid=2M096C61O4MLT&keywords=bags&qid=1668800814&qu=eyJxc2MiOiI4LjA0IiwicXNhIjoiOC4wNiIsInFzcCI6IjYuNzgifQ%3D%3D&sprefix=ba%2Caps%2C283&sr=8-143
"
"The Purple Tree Multifunction Waterproof Laptop Travel Backpack with Shoe Compartment, Shoulder Bag, 35 L Laptop Backpack with USB Charging, Flight Cabin Backpack , Antitheft Zipper Bag","Rs. 2,599",4.7 out of 5 stars,9,"https://www.amazon.in/Purple-Tree-Multifunction-Waterproof-Compartment/dp/B0BKSXQBXX/ref=sr_1_144?crid=2M096C61O4MLT&keywords=bags&qid=1668800814&qu=eyJxc2MiOiI4LjA0IiwicXNhIjoiOC4wNiIsInFzcCI6IjYuNzgifQ%3D%3D&sprefix=ba%2Caps%2C283&sr=8-144
"
"The Purple Tree Multifunction Waterproof Laptop Travel Backpack with Shoe Compartment, Shoulder Bag, 35 L Laptop Backpack with USB Charging, Flight Cabin Backpack , Antitheft Zipper Bag","Rs. 2,599",4.7 out of 5 stars,9,"https://www.amazon.in/Purple-Tree-Multifunction-Waterproof-Compartment/dp/B0BKSXQBXX/ref=sr_1_161?crid=2M096C61O4MLT&keywords=bags&qid=1668800818&qu=eyJxc2MiOiI4LjA0IiwicXNhIjoiOC4wNiIsInFzcCI6IjYuNzgifQ%3D%3D&sprefix=ba%2Caps%2C283&sr=8-161
"
Wildcraft 44 Ltrs Casual Backpack (11629-Wolf_Blue),"Rs. 1,598",4.5 out of 5 stars,521,"https://www.amazon.in/Wildcraft-Wolf_Blu-Casual-Backpack-11629-Wolf_Blu/dp/B079DFHYHP/ref=sr_1_162?crid=2M096C61O4MLT&keywords=bags&qid=1668800818&qu=eyJxc2MiOiI4LjA0IiwicXNhIjoiOC4wNiIsInFzcCI6IjYuNzgifQ%3D%3D&sprefix=ba%2Caps%2C283&sr=8-162
"
"Nivia 6853 Polyester Basic Duffle Bag, Youth (Black)",Rs. 287,4.0 out of 5 stars,"1,851","https://www.amazon.in/Nivia-6853-Polyester-Basic-Duffle/dp/B07FWQ9HRV/ref=sr_1_163?crid=2M096C61O4MLT&keywords=bags&qid=1668800818&qu=eyJxc2MiOiI4LjA0IiwicXNhIjoiOC4wNiIsInFzcCI6IjYuNzgifQ%3D%3D&sprefix=ba%2Caps%2C283&sr=8-163
"
Okami Wolf ZenPack LITE Laptop Messenger Bag with USB Fast Charger (Kyoto Black),"Rs. 2,899",4.5 out of 5 stars,223,"https://www.amazon.in/Okami-Wolf-ZenPack-Unisex-adult-Charging/dp/B09PRH27MV/ref=sr_1_164?crid=2M096C61O4MLT&keywords=bags&qid=1668800818&qu=eyJxc2MiOiI4LjA0IiwicXNhIjoiOC4wNiIsInFzcCI6IjYuNzgifQ%3D%3D&sprefix=ba%2Caps%2C283&sr=8-164
"
Wildcraft 35 Ltrs 18.5 cms Backpack (11911 Grey_Grey),"Rs. 1,324",4.2 out of 5 stars,143,"https://www.amazon.in/Wildcraft-Solid-Backpack-Grey-11911/dp/B07N1CM9QS/ref=sr_1_165?crid=2M096C61O4MLT&keywords=bags&qid=1668800818&qu=eyJxc2MiOiI4LjA0IiwicXNhIjoiOC4wNiIsInFzcCI6IjYuNzgifQ%3D%3D&sprefix=ba%2Caps%2C283&sr=8-165
"
"LuvLap Baby Breast Milk Storage Bags (Pack of 50), BPA Free Disposable Milk Freezer Bags for Breast Feeding, Transparent",Rs. 554,4.4 out of 5 stars,448,"https://www.amazon.in/Storage-Disposable-Freezer-Feeding-Transparent/dp/B099ZVTNCP/ref=sr_1_166?crid=2M096C61O4MLT&keywords=bags&qid=1668800818&qu=eyJxc2MiOiI4LjA0IiwicXNhIjoiOC4wNiIsInFzcCI6IjYuNzgifQ%3D%3D&sprefix=ba%2Caps%2C283&sr=8-166
"
"DAHSHA Cross Body Travel Office Business Messenger Shoulder Bag for Men Women (Grey, 33 * 19 * 26.6cm)",Rs. 699,3.9 out of 5 stars,301,"https://www.amazon.in/DAHSHA-Multipurpose-Travel-Duffel-13X7x11-inch/dp/B07GCLJTZF/ref=sr_1_167?crid=2M096C61O4MLT&keywords=bags&qid=1668800818&qu=eyJxc2MiOiI4LjA0IiwicXNhIjoiOC4wNiIsInFzcCI6IjYuNzgifQ%3D%3D&sprefix=ba%2Caps%2C283&sr=8-167
"
"Storite PU Leather 15.6 Inch Padded Laptop Shoulder Sling Office Business Organizer Messenger Travel Bag for Men & Women (Coffee Brown,39 x 30 x 9 cm)","Rs. 1,499",3.8 out of 5 stars,345,"https://www.amazon.in/Storite-Laptop-Shoulder-Messenger-Bag/dp/B08WZ9KP7Q/ref=sr_1_168?crid=2M096C61O4MLT&keywords=bags&qid=1668800818&qu=eyJxc2MiOiI4LjA0IiwicXNhIjoiOC4wNiIsInFzcCI6IjYuNzgifQ%3D%3D&sprefix=ba%2Caps%2C283&sr=8-168
"
"Optima Travel Laptop Backpack, Business Anti Theft Slim Durable Laptops Backpack, Water Resistant College School Computer Bag Gifts for Men & Women Fits 15.6 Inch Notebook,",Rs. 349,5.0 out of 5 stars,1,"https://www.amazon.in/Backpack-Business-Resistant-Computer-Notebook/dp/B09P523VYS/ref=sr_1_169?crid=2M096C61O4MLT&keywords=bags&qid=1668800818&qu=eyJxc2MiOiI4LjA0IiwicXNhIjoiOC4wNiIsInFzcCI6IjYuNzgifQ%3D%3D&sprefix=ba%2Caps%2C283&sr=8-169
"
"Genie Clara Backpack for Women - 3 compartments, Laptop Bags for Girls, Stylish and Trendy College Backpacks for Girls, Water Resistant and Lightweight Bags for Office and Travelling Purpose.","Rs. 1,025",4.2 out of 5 stars,16,"https://www.amazon.in/Genie-Clara-Backpack-Women-compartments/dp/B097JJGR1N/ref=sr_1_170?crid=2M096C61O4MLT&keywords=bags&qid=1668800818&qu=eyJxc2MiOiI4LjA0IiwicXNhIjoiOC4wNiIsInFzcCI6IjYuNzgifQ%3D%3D&sprefix=ba%2Caps%2C283&sr=8-170
"
"Amazon Brand - Solimo Cricket Kit Bag, Black",Rs. 899,4.3 out of 5 stars,27,"https://www.amazon.in/Amazon-Brand-Solimo-Cricket-Black/dp/B08J8L13V5/ref=sr_1_171?crid=2M096C61O4MLT&keywords=bags&qid=1668800818&qu=eyJxc2MiOiI4LjA0IiwicXNhIjoiOC4wNiIsInFzcCI6IjYuNzgifQ%3D%3D&sprefix=ba%2Caps%2C283&sr=8-171
"
Caprese Women's Tote bag,Rs. 729,4.1 out of 5 stars,274,"https://www.amazon.in/Caprese-Womens-Tote-bag-Birch/dp/B09FT31R1X/ref=sr_1_172?crid=2M096C61O4MLT&keywords=bags&qid=1668800818&qu=eyJxc2MiOiI4LjA0IiwicXNhIjoiOC4wNiIsInFzcCI6IjYuNzgifQ%3D%3D&sprefix=ba%2Caps%2C283&sr=8-172
"
F Gear Miles Guc Black Sports Waist Bag (3681),Rs. 449,4.3 out of 5 stars,262,"https://www.amazon.in/F-Gear-Miles-Guc-Black-Waist-Bag/dp/B08NYGBDB8/ref=sr_1_173?crid=2M096C61O4MLT&keywords=bags&qid=1668800818&qu=eyJxc2MiOiI4LjA0IiwicXNhIjoiOC4wNiIsInFzcCI6IjYuNzgifQ%3D%3D&sprefix=ba%2Caps%2C283&sr=8-173
"
"WILDHORN Backpack for Men, Extra Large 30L Travel Backpack with Multi Zip Compartment, Business College Bookbags Fit 17 Inch Laptop",Rs. 699,4.1 out of 5 stars,64,"https://www.amazon.in/WILDHORN-Backpack-Compartment-Business-Bookbags/dp/B09P2RP9TG/ref=sr_1_174?crid=2M096C61O4MLT&keywords=bags&qid=1668800818&qu=eyJxc2MiOiI4LjA0IiwicXNhIjoiOC4wNiIsInFzcCI6IjYuNzgifQ%3D%3D&sprefix=ba%2Caps%2C283&sr=8-174
"
Skybags Unisex Grey Gucci Fabric 31L Laptop Bags,"Rs. 1,769",3.5 out of 5 stars,2,"https://www.amazon.in/Skybags-Unisex-Gucci-Fabric-Laptop/dp/B0B21W762F/ref=sr_1_175?crid=2M096C61O4MLT&keywords=bags&qid=1668800818&qu=eyJxc2MiOiI4LjA0IiwicXNhIjoiOC4wNiIsInFzcCI6IjYuNzgifQ%3D%3D&sprefix=ba%2Caps%2C283&sr=8-175
"
"SHW SOLAR BLACK LAPTOP BAG WITH PADDED LAPTOP COMPARTMENT SUITABLE FOR 15.6"" LAPTOP II ADJUSTABLE STRAPSII WATER BOTTLE POCKETII TWO COMPARTMENTS",Rs. 349,3.8 out of 5 stars,90,"https://www.amazon.in/SHW-SOLAR-COMPARTMENT-ADJUSTABLE-COMPARTMENTS/dp/B09NFSC3RP/ref=sr_1_176?crid=2M096C61O4MLT&keywords=bags&qid=1668800818&qu=eyJxc2MiOiI4LjA0IiwicXNhIjoiOC4wNiIsInFzcCI6IjYuNzgifQ%3D%3D&sprefix=ba%2Caps%2C283&sr=8-176
"
Wolpin Waist Bag for Men and Women Pack Travel Handy Hiking Running Zip Pouch Document Money Card Phone Earphone Belt Sport Bag Fitness Adjustable Strap (Red),Rs. 179,3.5 out of 5 stars,98,"https://www.amazon.in/Running-Document-Earphone-Fitness-Adjustable/dp/B0B5DZ4KVD/ref=sr_1_193?crid=2M096C61O4MLT&keywords=bags&qid=1668800820&qu=eyJxc2MiOiI4LjA0IiwicXNhIjoiOC4wNiIsInFzcCI6IjYuNzgifQ%3D%3D&sprefix=ba%2Caps%2C283&sr=8-193
"
"HOT DELIVERY BAGS Insulated and Waterproof Door Hanging Bag for Milk Sachets and Bottles Storage, Durable and Light Weight (Sea Green)",Rs. 519,4.5 out of 5 stars,218,"https://www.amazon.in/HOT-DELIVERY-BAG-Insulated-waterproof/dp/B08VJ4VWGZ/ref=sr_1_194?crid=2M096C61O4MLT&keywords=bags&qid=1668800820&qu=eyJxc2MiOiI4LjA0IiwicXNhIjoiOC4wNiIsInFzcCI6IjYuNzgifQ%3D%3D&sprefix=ba%2Caps%2C283&sr=8-194
"
"AirCase Casual Backpack fits upto 15.6"" Laptop, Easy to clean, Lightweight Canvas Spacious Bag for Office/ Travel/ College, Men & Women, Black- With Warranty",Rs. 860,4.2 out of 5 stars,217,"https://www.amazon.in/AirCase-C32-Multi-Function-Laptop-Backpack/dp/B07P24DS13/ref=sr_1_195?crid=2M096C61O4MLT&keywords=bags&qid=1668800820&qu=eyJxc2MiOiI4LjA0IiwicXNhIjoiOC4wNiIsInFzcCI6IjYuNzgifQ%3D%3D&sprefix=ba%2Caps%2C283&sr=8-195
"
"Dell Pro Slim Backpack 15 - PO1520PS - Fits Most laptops up to 38.1 cm (15 inches, Black)","Rs. 1,999",4.3 out of 5 stars,349,"https://www.amazon.in/Dell-Pro-Slim-Backpack-15/dp/B07PMQTB6T/ref=sr_1_196?crid=2M096C61O4MLT&keywords=bags&qid=1668800820&qu=eyJxc2MiOiI4LjA0IiwicXNhIjoiOC4wNiIsInFzcCI6IjYuNzgifQ%3D%3D&sprefix=ba%2Caps%2C283&sr=8-196
"
Lavie Women's Nova Tote Bag | Ladies Purse Handbag,"Rs. 1,099",4.2 out of 5 stars,"6,945","https://www.amazon.in/YuvKuz-TM-Infocus-Digitizer-Assembly/dp/B07MXNWTB2/ref=sr_1_197?crid=2M096C61O4MLT&keywords=bags&qid=1668800820&qu=eyJxc2MiOiI4LjA0IiwicXNhIjoiOC4wNiIsInFzcCI6IjYuNzgifQ%3D%3D&sprefix=ba%2Caps%2C283&sr=8-197
"
Sfane Polyester 23 Cms Duffle Bag(BG - 05 HALF BLACK LT SHOE COMPTT_ Grey),Rs. 377,4.3 out of 5 stars,"5,681","https://www.amazon.in/SFANE-Duffel-Shoulder-Women-Compartment/dp/B07XXFB9CZ/ref=sr_1_198?crid=2M096C61O4MLT&keywords=bags&qid=1668800820&qu=eyJxc2MiOiI4LjA0IiwicXNhIjoiOC4wNiIsInFzcCI6IjYuNzgifQ%3D%3D&sprefix=ba%2Caps%2C283&sr=8-198
"
Dybbuk Laptop Bag/College Bag/School Bag/Office Bag/Waterproof Bag/Travel Bag/Casual Backpack/Trending Backpack,Rs. 549,3.9 out of 5 stars,8,"https://www.amazon.in/Dybbuk-College-Waterproof-Backpack-Trending/dp/B0BFJBYF49/ref=sr_1_199?crid=2M096C61O4MLT&keywords=bags&qid=1668800820&qu=eyJxc2MiOiI4LjA0IiwicXNhIjoiOC4wNiIsInFzcCI6IjYuNzgifQ%3D%3D&sprefix=ba%2Caps%2C283&sr=8-199
"
"NISUN Stylish Nylon Small 7 Zipper Multi Pocket Sling Cross Body Travel Office Business Messenger One Side Shoulder Bag With Adjustable Straps For Men Women (Black & Grey,21x27x10.5 cm)",Rs. 599,4.0 out of 5 stars,248,"https://www.amazon.in/NISUN-Zipper-Sling-Black-Grey/dp/B09BZNTFLX/ref=sr_1_200?crid=2M096C61O4MLT&keywords=bags&qid=1668800820&qu=eyJxc2MiOiI4LjA0IiwicXNhIjoiOC4wNiIsInFzcCI6IjYuNzgifQ%3D%3D&sprefix=ba%2Caps%2C283&sr=8-200
"
AirCase 13 Inch/ 14 Inch/15.6 Inch Premium Vegan Leather Laptop Backpack for Men & Women,Rs. 999,4.0 out of 5 stars,"1,506","https://www.amazon.in/AirCase-C34-Laptop-Backpack-Women/dp/B07QL8633G/ref=sr_1_201?crid=2M096C61O4MLT&keywords=bags&qid=1668800820&qu=eyJxc2MiOiI4LjA0IiwicXNhIjoiOC4wNiIsInFzcCI6IjYuNzgifQ%3D%3D&sprefix=ba%2Caps%2C283&sr=8-201
"
Wildcraft 35 Ltrs Black and Mel Backpack (WC 5 Dare),"Rs. 1,586",4.5 out of 5 stars,"1,491","https://www.amazon.in/Wildcraft-Black-Backpack-WC-Dare/dp/B06XD713N9/ref=sr_1_202?crid=2M096C61O4MLT&keywords=bags&qid=1668800820&qu=eyJxc2MiOiI4LjA0IiwicXNhIjoiOC4wNiIsInFzcCI6IjYuNzgifQ%3D%3D&sprefix=ba%2Caps%2C283&sr=8-202
"
Wildcraft 31 Ltrs 18.50 inchs Backpack (11954 Blue_Blue),"Rs. 1,189",4.3 out of 5 stars,282,"https://www.amazon.in/Wildcraft-Music-Backpack-Blue-11954/dp/B07N2PDVX4/ref=sr_1_203?crid=2M096C61O4MLT&keywords=bags&qid=1668800820&qu=eyJxc2MiOiI4LjA0IiwicXNhIjoiOC4wNiIsInFzcCI6IjYuNzgifQ%3D%3D&sprefix=ba%2Caps%2C283&sr=8-203
"
"NIVIA String Bag (Sky Blue), Polyester",Rs. 193,4.1 out of 5 stars,417,"https://www.amazon.in/Nivia-5177SB-Polyester-String-Blue/dp/B071XMLFTL/ref=sr_1_204?crid=2M096C61O4MLT&keywords=bags&qid=1668800820&qu=eyJxc2MiOiI4LjA0IiwicXNhIjoiOC4wNiIsInFzcCI6IjYuNzgifQ%3D%3D&sprefix=ba%2Caps%2C283&sr=8-204
"
Half Moon 35 L Casual Waterproof 15.6 inch Laptop Bag/Backpack for Men Women Boys Girls/Office School College Teens & Students with Rain Cover (Black),Rs. 699,3.8 out of 5 stars,194,"https://www.amazon.in/Half-Moon-Waterproof-Laptop-Backpack/dp/B08RB3ZSLH/ref=sr_1_205?crid=2M096C61O4MLT&keywords=bags&qid=1668800820&qu=eyJxc2MiOiI4LjA0IiwicXNhIjoiOC4wNiIsInFzcCI6IjYuNzgifQ%3D%3D&sprefix=ba%2Caps%2C283&sr=8-205
"
DZert Clasy Laptop Bag College Bag for Boys Girls 21 L Blue White,Rs. 339,3.9 out of 5 stars,"2,116","https://www.amazon.in/DZert-School-Polyester-Backpack-White/dp/B07GXYHFCY/ref=sr_1_206?crid=2M096C61O4MLT&keywords=bags&qid=1668800820&qu=eyJxc2MiOiI4LjA0IiwicXNhIjoiOC4wNiIsInFzcCI6IjYuNzgifQ%3D%3D&sprefix=ba%2Caps%2C283&sr=8-206
"
"Amazon Brand - Solimo Badminton Kit Bag, Rapid, Red",Rs. 699,4.2 out of 5 stars,74,"https://www.amazon.in/Amazon-Brand-Solimo-Badminton-Rapid/dp/B08J8G5N3K/ref=sr_1_207?crid=2M096C61O4MLT&keywords=bags&qid=1668800820&qu=eyJxc2MiOiI4LjA0IiwicXNhIjoiOC4wNiIsInFzcCI6IjYuNzgifQ%3D%3D&sprefix=ba%2Caps%2C283&sr=8-207
"
Kuber Industries Rexine Lightweight Travel Toiletry Bag Shaving Kit with Carrying Strap (Grey) 54KM4283,Rs. 189,4.6 out of 5 stars,3,"https://www.amazon.in/Kuber-Industries-Lightweight-Toiletry-Carrying/dp/B0B45QRYHY/ref=sr_1_208?crid=2M096C61O4MLT&keywords=bags&qid=1668800820&qu=eyJxc2MiOiI4LjA0IiwicXNhIjoiOC4wNiIsInFzcCI6IjYuNzgifQ%3D%3D&sprefix=ba%2Caps%2C283&sr=8-208
"
Kuber Industries Parachute Travel Duffle Bag (Black) -CTKTC8858,Rs. 577,4.0 out of 5 stars,224,"https://www.amazon.in/Kuber-Industries-Parachute-Travel-CTKTC8858/dp/B07SR43QP4/ref=sr_1_225?crid=2M096C61O4MLT&keywords=bags&qid=1668800824&qu=eyJxc2MiOiI4LjA0IiwicXNhIjoiOC4wNiIsInFzcCI6IjYuNzgifQ%3D%3D&sprefix=ba%2Caps%2C283&sr=8-225
"
HAMMONDS FLYCATCHER Genuine Leather Executive Formal Office Bag | Shoulder Laptop Messenger Bag For Men | MacBook|NoteBook Upto 16 Inch| Crossbody Handbags with Shoulder Straps | Brushwood | LB106MH,"Rs. 2,688",4.3 out of 5 stars,"4,285","https://www.amazon.in/Hammonds-Flycatcher-Messenger-LB106MH-Brushwood/dp/B0851GC4WL/ref=sr_1_226?crid=2M096C61O4MLT&keywords=bags&qid=1668800824&qu=eyJxc2MiOiI4LjA0IiwicXNhIjoiOC4wNiIsInFzcCI6IjYuNzgifQ%3D%3D&sprefix=ba%2Caps%2C283&sr=8-226
"
Gear Workspace 18L Water Resistant Laptop Bag/Backpack/Office Bag for Men/Women-Black,Rs. 999,4.2 out of 5 stars,249,"https://www.amazon.in/Gear-Workspace-Briefcase-Black-Red-BKPWRPHYD0101/dp/B097KGL2M5/ref=sr_1_227?crid=2M096C61O4MLT&keywords=bags&qid=1668800824&qu=eyJxc2MiOiI4LjA0IiwicXNhIjoiOC4wNiIsInFzcCI6IjYuNzgifQ%3D%3D&sprefix=ba%2Caps%2C283&sr=8-227
"
"Chic Buddy Waterproof Wet Bag, Washable, Reusable for Travel, Beach, Pool, Stroller, Diapers, Dirty Gym Clothes, Wet Swimsuits, Toiletries",Rs. 315,4.5 out of 5 stars,191,"https://www.amazon.in/Chic-Buddy-Waterproof-Swimsuits-Toiletries/dp/B09KSBHC18/ref=sr_1_228?crid=2M096C61O4MLT&keywords=bags&qid=1668800824&qu=eyJxc2MiOiI4LjA0IiwicXNhIjoiOC4wNiIsInFzcCI6IjYuNzgifQ%3D%3D&sprefix=ba%2Caps%2C283&sr=8-228
"
SKYBAGS Campus Navy Blue Logo Print College Laptop Backpack 30L,"Rs. 2,047",4.1 out of 5 stars,121,"https://www.amazon.in/SKYBAGS-Campus-College-Laptop-Backpack/dp/B0842582RV/ref=sr_1_229?crid=2M096C61O4MLT&keywords=bags&qid=1668800824&qu=eyJxc2MiOiI4LjA0IiwicXNhIjoiOC4wNiIsInFzcCI6IjYuNzgifQ%3D%3D&sprefix=ba%2Caps%2C283&sr=8-229
"
The Clownfish Laptop Bag Tablet Computer up to 15.6 inch for Women and Men Water Resistant Synthetic Leather Briefcase Office Bag Messenger Sling Shoulder Bag with Strap MacBook Notebook Handbag Business Briefcase Bags,"Rs. 1,899",4.3 out of 5 stars,457,"https://www.amazon.in/Clownfish-Briefcase-Shoulder-Messenger-Chocolate/dp/B07FSFHFVJ/ref=sr_1_230?crid=2M096C61O4MLT&keywords=bags&qid=1668800824&qu=eyJxc2MiOiI4LjA0IiwicXNhIjoiOC4wNiIsInFzcCI6IjYuNzgifQ%3D%3D&sprefix=ba%2Caps%2C283&sr=8-230
"
Lino Perros Backpack,"Rs. 1,662",4.4 out of 5 stars,166,"https://www.amazon.in/Lino-Perros-Women-Colored-Backpack/dp/B084TPL24S/ref=sr_1_231?crid=2M096C61O4MLT&keywords=bags&qid=1668800824&qu=eyJxc2MiOiI4LjA0IiwicXNhIjoiOC4wNiIsInFzcCI6IjYuNzgifQ%3D%3D&sprefix=ba%2Caps%2C283&sr=8-231
"
BEATLE NXT 01 LAPTOP BACKPACK (E) BLUE,"Rs. 1,219",3.7 out of 5 stars,36,"https://www.amazon.in/BEATLE-NXT-LAPTOP-BACKPACK-BLUE/dp/B0B3Y27TYX/ref=sr_1_232?crid=2M096C61O4MLT&keywords=bags&qid=1668800824&qu=eyJxc2MiOiI4LjA0IiwicXNhIjoiOC4wNiIsInFzcCI6IjYuNzgifQ%3D%3D&sprefix=ba%2Caps%2C283&sr=8-232
"
"Golden Wolf Laptop Bag,Business Anti Theft Backpack with Lock,Water Resistant College School Laptop Backpack with Rain Cover and USB Charging Port Earphone Port,Backpack Gifts for 15.6 inch Laptop 25 L Travel Bag For Women Men, Light Grey","Rs. 1,946",4.4 out of 5 stars,"2,976","https://www.amazon.in/Hoteon-Backpack-Anti-Theft-Earphone-Resistant/dp/B08T96KXTF/ref=sr_1_233?crid=2M096C61O4MLT&keywords=bags&qid=1668800824&qu=eyJxc2MiOiI4LjA0IiwicXNhIjoiOC4wNiIsInFzcCI6IjYuNzgifQ%3D%3D&sprefix=ba%2Caps%2C283&sr=8-233
"
"Kuber Industries Women's Handcrafted 2 Pieces Embroidered Clutch Bag Purse Handbag for Bridal, Casual, Party, Wedding (Green & Peach) - CTKTC34529",Rs. 653,3.9 out of 5 stars,28,"https://www.amazon.in/Kuber-Industries-Handcrafted-Embroidered-Handbag/dp/B082VG1HHX/ref=sr_1_234?crid=2M096C61O4MLT&keywords=bags&qid=1668800824&qu=eyJxc2MiOiI4LjA0IiwicXNhIjoiOC4wNiIsInFzcCI6IjYuNzgifQ%3D%3D&sprefix=ba%2Caps%2C283&sr=8-234
"
ZOUK Women's Messenger Bag (Beige),"Rs. 1,699",4.3 out of 5 stars,205,"https://www.amazon.in/Business-Shoulder-Leather-material-resistant/dp/B07MH9SL51/ref=sr_1_235?crid=2M096C61O4MLT&keywords=bags&qid=1668800824&qu=eyJxc2MiOiI4LjA0IiwicXNhIjoiOC4wNiIsInFzcCI6IjYuNzgifQ%3D%3D&sprefix=ba%2Caps%2C283&sr=8-235
"
F Gear Tycoon 27 Liters Laptop Backpack Sch Bag(Black),"Rs. 1,178",4.5 out of 5 stars,188,"https://www.amazon.in/F-Gear-Tycoon-Laptop-Backpack/dp/B071XJ6XV5/ref=sr_1_236?crid=2M096C61O4MLT&keywords=bags&qid=1668800824&qu=eyJxc2MiOiI4LjA0IiwicXNhIjoiOC4wNiIsInFzcCI6IjYuNzgifQ%3D%3D&sprefix=ba%2Caps%2C283&sr=8-236
"
HEROZ Hammer Unisex Nylon 35 L Travel Laptop Backpack Water Resistant Slim Durable Fits Up to 17.3 Inch Laptop Notebook (Black & Navy Blue),"Rs. 1,199",4.2 out of 5 stars,934,"https://www.amazon.in/HEROZ-Backpack-Resistant-Durable-Notebook/dp/B09B672TX9/ref=sr_1_237?crid=2M096C61O4MLT&keywords=bags&qid=1668800824&qu=eyJxc2MiOiI4LjA0IiwicXNhIjoiOC4wNiIsInFzcCI6IjYuNzgifQ%3D%3D&sprefix=ba%2Caps%2C283&sr=8-237
"
